{
	"info": {
		"_postman_id": "616965b1-4b7f-4e74-9282-87b20ea34807",
		"name": "FitnessTracker",
		"description": "w",
		"schema": "https://schema.getpostman.com/json/collection/v2.1.0/collection.json",
		"_exporter_id": "7061805"
	},
	"item": [
		{
			"name": "Users",
			"item": [
				{
					"name": "Get all users - simple",
					"request": {
						"method": "GET",
						"header": [],
						"url": {
							"raw": "localhost:1111/v1/users/simple",
							"host": [
								"localhost"
							],
							"port": "1111",
							"path": [
								"v1",
								"users",
								"simple"
							]
						}
					},
					"response": []
				},
				{
					"name": "Get all users",
					"request": {
						"method": "GET",
						"header": [],
						"url": {
							"raw": "{{baseUrl}}/users",
							"host": [
								"{{baseUrl}}"
							],
							"path": [
								"users"
							]
						}
					},
					"response": []
				},
				{
					"name": "Get user by ID",
					"request": {
						"method": "GET",
						"header": [],
						"url": {
							"raw": "{{baseUrl}}/users/2",
							"host": [
								"{{baseUrl}}"
							],
							"path": [
								"users",
								"2"
							]
						}
					},
					"response": []
				},
				{
					"name": "Get users by email",
					"request": {
						"method": "GET",
						"header": [],
						"url": {
							"raw": "{{baseUrl}}/users/email?email=domain",
							"host": [
								"{{baseUrl}}"
							],
							"path": [
								"users",
								"email"
							],
							"query": [
								{
									"key": "email",
									"value": "domain"
								}
							]
						}
					},
					"response": []
				},
				{
					"name": "Get users by older date",
					"request": {
						"method": "GET",
						"header": [],
						"url": {
							"raw": "{{baseUrl}}/users/older/1984-07-04",
							"host": [
								"{{baseUrl}}"
							],
							"path": [
								"users",
								"older",
								"1984-07-04"
							]
						}
					},
					"response": []
				},
				{
					"name": "Delete user by ID",
					"request": {
						"method": "DELETE",
						"header": [],
						"url": {
							"raw": "{{baseUrl}}/users/11",
							"host": [
								"{{baseUrl}}"
							],
							"path": [
								"users",
								"11"
							]
						}
					},
					"response": []
				},
				{
					"name": "Create user",
					"request": {
						"method": "POST",
						"header": [],
						"body": {
							"mode": "raw",
							"raw": "{\r\n    \"firstName\": \"Dawid\",\r\n    \"lastName\": \"Koman\",\r\n    \"birthdate\": \"1993-06-20\",\r\n    \"email\": \"Dave@68858.pl\"\r\n}",
							"options": {
								"raw": {
									"language": "json"
								}
							}
						},
						"url": {
							"raw": "{{baseUrl}}/users",
							"host": [
								"{{baseUrl}}"
							],
							"path": [
								"users"
							]
						}
					},
					"response": []
				},
				{
					"name": "Update user",
					"request": {
						"method": "PUT",
						"header": [],
						"body": {
							"mode": "raw",
							"raw": "{\r\n    \"firstName\": \"Janusz\",\r\n    \"lastName\": \"Niemy\",\r\n    \"birthdate\": \"1993-06-20\",\r\n    \"email\": \"Dave@68858.pl\"\r\n}",
							"options": {
								"raw": {
									"language": "json"
								}
							}
						},
						"url": {
							"raw": "{{baseUrl}}/users/11",
							"host": [
								"{{baseUrl}}"
							],
							"path": [
								"users",
								"11"
							]
						}
					},
					"response": []
				}
			]
		}
	],
	"event": [
		{
			"listen": "prerequest",
			"script": {
				"type": "text/javascript",
				"packages": {},
				"exec": [
					""
				]
			}
		},
		{
			"listen": "test",
			"script": {
				"type": "text/javascript",
				"packages": {},
				"exec": [
					""
				]
			}
		}
	],
	"variable": [
		{
			"key": "baseUrl",
			"value": "http://localhost:1111/v1",
			"type": "string"
		}
	]
}